[
    {
        "id": 1,
        "name": "Test event 1",
        "date": "2024-03-06",
        "organizer": {
            "name": "fdev",
            "email": "fdev@example.com"
        },
        "status": "active",
        "type": "event",
        "joiners": [
            {
                "name": "Test User",
                "email": "test@test.com",
                "country": "Hungary"
            }
        ],
        "location": "Budapest, Hungary",
        "max_attendees": 100
    },
    {
        "id": 2,
        "name": "Proba",
        "date": "2024-04-12",
        "organizer": {
            "name": "Peter",
            "email": "petropeti0401@gmail.com"
        },
        "status": "active",
        "type": "event",
        "joiners": [
            {
                "name": "Teszt Elek",
                "email": "test@test.com",
                "country": "Hungary"
            }
        ],
        "location": "Budapest, Hungary",
        "max_attendees": 20
    },
    {
        "id": 3,
        "name": "Hello",
        "date": "string",
        "organizer": {
            "name": "string",
            "email": "string"
        },
        "status": "string",
        "type": "string",
        "joiners": [
            {
                "name": "Zolika",
                "email": "string",
                "country": "string"
            }
        ],
        "location": "string",
        "max_attendees": 0
    },
    {
        "id": 5,
        "name": "Proba5",
        "date": "string",
        "organizer": {
            "name": "string",
            "email": "string"
        },
        "status": "string",
        "type": "string",
        "joiners": [
            {
                "name": "Pistike",
                "email": "string",
                "country": "string"
            }
        ],
        "location": "string",
        "max_attendees": 0
    },
    {
        "id": 6,
        "name": "Proba5",
        "date": "string",
        "organizer": {
            "name": "string",
            "email": "string"
        },
        "status": "string",
        "type": "string",
        "joiners": [
            {
                "name": "Zolika",
                "email": "string",
                "country": "string"
            },
            {
                "name": "Pistike",
                "email": "string",
                "country": "string"
            }
        ],
        "location": "string",
        "max_attendees": 0
    },
    {
        "id": 4,
        "name": "Proba5",
        "date": "string",
        "organizer": {
            "name": "string",
            "email": "string"
        },
        "status": "string",
        "type": "string",
        "joiners": [
            {
                "name": "Zolika",
                "email": "string",
                "country": "string"
            },
            {
                "name": "Pistike",
                "email": "p.istvan@gmail.com",
                "country": "string"
            },
            {
                "name": "Teszt Elek",
                "email": "string",
                "country": "string"
            },
            {
                "name": "Pistike",
                "email": "pistivagyok@gamil.com",
                "country": "string"
            }
        ],
        "location": "string",
        "max_attendees": 0
    }
]